{"stats":{"minecraft:killed":{"minecraft:cave_spider":7,"minecraft:skeleton":40,"minecraft:chicken":4,"minecraft:zombie":121,"minecraft:cow":3,"minecraft:horse":1,"minecraft:enderman":6,"minecraft:witch":1,"minecraft:spider":23,"minecraft:silverfish":4,"artifacts:mimic":1,"minecraft:piglin":4,"minecraft:pig":16,"minecraft:zombie_villager":1,"minecraft:creeper":6,"minecraft:sheep":10,"minecraft:ghast":3,"minecraft:blaze":30,"minecraft:phantom":1,"minecraft:drowned":1,"quark:foxhound":6,"minecraft:bat":1,"minecraft:wither_skeleton":4},"minecraft:crafted":{"minecraft:light_gray_concrete_powder":8,"minecraft:smooth_stone":11,"immersiveengineering:hammer":1,"spartanshields:shield_basic_iron":1,"minecraft:lever":1,"minecraft:iron_bars":208,"butchersdelight:rack":1,"prettypipes:blank_module":12,"create:vertical_gearbox":1,"supertools:shovelstone":1,"minecraft:glass":130,"immersiveengineering:screwdriver":1,"astikorcarts:plow":1,"create:mechanical_press":1,"powah:energizing_rod_starter":9,"astikorcarts:wheel":4,"create:cogwheel":56,"powah:capacitor_basic_large":38,"minecraft:emerald":32,"powah:furnator_basic":1,"minecraft:diamond_axe":1,"farmersdelight:iron_knife":1,"prettypipes:high_speed_module":4,"minecraft:sticky_piston":1,"prettypipes:low_extraction_module":3,"prettypipes:low_speed_module":4,"minecraft:campfire":1,"create:mechanical_mixer":1,"prettypipes:wrench":1,"create:gearbox":2,"minecraft:stone_slab":66,"quark:oak_chest":134,"usefulbackpacks:backpack_large":1,"minecraft:iron_pickaxe":19,"minecraft:iron_block":5,"create:large_cogwheel":4,"minecraft:composter":6,"powah:capacitor_basic_tiny":6,"powah:dielectric_casing":12,"minecraft:stone_shovel":18,"waterstrainer:iron_mesh":15,"minecraft:iron_nugget":81,"immersiveengineering:stick_iron":4,"corail_recycler:steel_disk":2,"minecraft:bone_meal":15,"travelersbackpack:blank_upgrade":4,"travelersbackpack:gold_tier_upgrade":1,"waterstrainer:strainer_survivalist":1,"supertools:shoveliron":1,"prettypipes:high_retrieval_module":1,"powah:reactor_basic":4,"minecraft:stone_pickaxe":1,"prettypipes:low_retrieval_module":1,"minecraft:redstone_block":60,"minecraft:dark_oak_planks":84,"prettypipes:crafting_terminal":1,"quark:dark_oak_ladder":40,"minecraft:wheat":153,"butchersdelight:cookedporkloin":1,"powah:dielectric_paste":24,"powah:solar_panel_starter":1,"powah:energy_cell_starter":2,"waterstrainer:strainer_survivalist_solid":9,"butchersdelight:cooked_ham":2,"minecraft:wooden_axe":1,"minecraft:iron_shovel":18,"minecraft:iron_leggings":1,"powah:capacitor_basic":28,"create:shaft":48,"prettypipes:medium_speed_module":4,"worlds_with_ores:ironworld":1,"minecraft:oak_planks":932,"powah:battery_basic":1,"minecraft:dark_oak_boat":1,"powah:furnator_starter":1,"powah:reactor_starter":4,"usefulbackpacks:backpack_small":1,"create:andesite_casing":36,"minecraft:cobblestone_stairs":28,"minecraft:stone":72,"prettypipes:high_extraction_module":3,"minecraft:hopper":14,"powah:energy_cable_basic":42,"astikorcarts:animal_cart":1,"minecraft:iron_boots":1,"minecraft:chest":89,"quark:marble_bricks":36,"minecraft:oak_button":17,"corail_recycler:recycler":1,"worlds_with_ores:coalword":1,"minecraft:smoker":1,"spartanshields:shield_basic_wood":1,"minecraft:oak_slab":90,"create:depot":1,"travelersbackpack:iron_tier_upgrade":1,"worlds_with_ores:diamondworld":1,"minecraft:iron_helmet":1,"prettypipes:medium_extraction_module":3,"butchersdelight:cleaver":2,"waterstrainer:strainer_base":15,"minecraft:paper":18,"minecraft:book":1,"minecraft:iron_chestplate":1,"butchersdelight:cookedporkribs":1,"create:water_wheel":2,"minecraft:stick":88,"minecraft:iron_ingot":316,"prettypipes:medium_retrieval_module":1,"create:empty_blaze_burner":1,"minecraft:oak_door":3,"powah:energy_cell_basic":1,"minecraft:furnace":3,"minecraft:blast_furnace":2,"minecraft:piston":7,"quark:framed_glass":64,"powah:wrench":1,"minecraft:diamond_block":13,"butchersdelight:cooked_leg_cow":8,"minecraft:oak_trapdoor":4,"minecraft:flint_and_steel":1,"minecraft:scaffolding":90,"worlds_with_ores:lapisworld":1,"prettypipes:item_terminal":1,"waterstrainer:string_mesh":1,"minecraft:iron_axe":5,"create:millstone":1,"prettypipes:pressurizer":1,"usefulbackpacks:backpack_medium":1,"create:basin":1,"cgm:workbench":1,"prettypipes:pipe":32,"powah:dielectric_rod_horizontal":23,"powah:energy_cable_starter":60,"create:andesite_alloy":9,"elevatorid:elevator_white":2,"powah:energizing_orb":3,"travelersbackpack:backpack_tank":5,"minecraft:iron_sword":2,"minecraft:cooked_salmon":2,"quark:polished_marble_stairs":28,"minecraft:bucket":20,"minecraft:air":10114,"powah:dielectric_rod":16,"minecraft:oak_boat":1,"create:whisk":1,"powah:battery_starter":1,"minecraft:anvil":1,"powah:energy_cable_hardened":36,"minecraft:stonecutter":1,"minecraft:torch":92,"waterstrainer:strainer_fisherman_solid":2,"minecraft:lapis_block":19},"minecraft:used":{"powah:reactor_basic":1,"minecraft:chest":101,"create:depot":1,"supertools:shoveliron":13,"waterstrainer:worm_bin":2,"create:shaft":5,"minecraft:oak_sapling":361,"minecraft:bow":2,"minecraft:dark_oak_boat":3,"minecraft:furnace":7,"worlds_with_ores:ironworld":1,"worlds_with_ores:lapisworld":2,"powah:solar_panel_starter":16,"minecraft:wooden_pickaxe":59,"elevatorid:elevator_white":4,"minecraft:golden_apple":10,"minecraft:sand":21,"astikorcarts:plow":1,"minecraft:blast_furnace":3,"quark:marble":27,"supertools:shovelstone":145,"minecraft:coal_block":12,"minecraft:wooden_sword":20,"create:basin":1,"minecraft:smithing_table":2,"minecraft:oak_boat":10,"minecraft:oak_trapdoor":3,"powah:energizing_orb":15,"powah:energizing_rod_starter":28,"prettypipes:pressurizer":3,"astikorcarts:animal_cart":1,"minecraft:cooked_salmon":6,"minecraft:netherrack":393,"cfm:rock_path":8,"minecraft:torch":367,"minecraft:anvil":1,"quark:marble_bricks":329,"butchersdelight:cleaver":3,"minecraft:iron_block":12,"minecraft:iron_axe":2742,"minecraft:bamboo":12,"waterstrainer:strainer_base":18,"minecraft:wheat_seeds":2,"minecraft:water_bucket":55,"powah:energy_cell_basic":8,"cgm:pistol":188,"butchersdelight:cookedporkloin":1,"minecraft:sheep_spawn_egg":10,"create:blaze_burner":1,"minecraft:diamond_block":13,"farmersdelight:wild_carrots":4,"minecraft:crafting_table":7,"worlds_with_ores:coalword":13,"minecraft:campfire":1,"minecraft:white_bed":12,"minecraft:oak_log":126,"minecraft:diamond_pickaxe":10346,"minecraft:iron_pickaxe":17971,"create:water_wheel":5,"minecraft:cobblestone":1031,"minecraft:cooked_porkchop":16,"quark:oak_chest":5,"minecraft:iron_sword":855,"butchersdelight:hook":4,"minecraft:creeper_head":1,"prettypipes:wrench":28,"butchersdelight:cookedporkribs":12,"create:cogwheel":10,"minecraft:nether_bricks":1,"minecraft:carrot":25,"minecraft:obsidian":12,"butchersdelight:deadchickenblock":3,"minecraft:glass":76,"create:millstone":1,"butchersdelight:cookedsheepshank":40,"butchersdelight:coockedbeeftenderloin":4,"minecraft:scaffolding":15,"minecraft:gold_block":13,"minecraft:dark_oak_sapling":37,"quark:dark_oak_ladder":14,"minecraft:stone_pickaxe":788,"minecraft:oak_planks":610,"minecraft:redstone_block":31,"minecraft:sugar_cane":73,"minecraft:diamond_axe":110,"worlds_with_ores:goldworld":2,"supertools:hammeriron":1394,"butchersdelight:cooked_ham":19,"quark:polished_marble_stairs":140,"minecraft:lever":1,"minecraft:string":2,"minecraft:bread":27,"minecraft:gravel":67,"powah:energy_cable_hardened":16,"minecraft:andesite":2,"create:vertical_gearbox":3,"minecraft:coarse_dirt":1,"minecraft:bone_meal":69,"create:large_cogwheel":4,"butchersdelight:cookedsheeprack":20,"minecraft:oak_fence":41,"minecraft:flint_and_steel":3,"supertools:hammerstone":147,"minecraft:redstone":8,"powah:energy_cable_basic":61,"farmersdelight:rich_soil":8,"minecraft:cooked_chicken":3,"minecraft:oak_door":6,"minecraft:dirt":998,"cgm:workbench":1,"create:mechanical_mixer":2,"minecraft:hopper":20,"butchersdelight:cooked_sheeploin":20,"prettypipes:crafting_terminal":5,"minecraft:iron_hoe":30,"powah:wrench":2,"torchmaster:feral_flare_lantern":8,"immersiveengineering:crate":1,"minecraft:cooked_beef":2,"travelersbackpack:fox":15,"minecraft:cooked_mutton":10,"minecraft:cobblestone_stairs":30,"worlds_with_ores:diamondworld":7,"minecraft:stonecutter":1,"corail_recycler:recycler":1,"prettypipes:pipe":43,"minecraft:light_gray_concrete_powder":4,"minecraft:infested_stone_bricks":11,"minecraft:smoker":3,"minecraft:dark_oak_door":2,"minecraft:apple":23,"create:mechanical_press":3,"butchersdelight:cooked_leg_cow":12,"spartanshields:shield_basic_iron":52,"worlds_with_ores:redstoneworld":7,"powah:furnator_basic":1,"quark:polished_marble":888,"minecraft:bucket":134,"minecraft:lapis_block":13,"minecraft:sea_pickle":19,"butchersdelight:rack":2},"minecraft:broken":{"minecraft:iron_boots":2,"minecraft:iron_chestplate":2,"minecraft:iron_leggings":2,"minecraft:diamond_pickaxe":1,"minecraft:iron_sword":3,"supertools:hammerstone":1,"minecraft:wooden_pickaxe":1,"minecraft:iron_axe":11,"minecraft:iron_pickaxe":10,"minecraft:iron_helmet":2,"minecraft:stone_pickaxe":6,"supertools:shovelstone":1,"supertools:hammeriron":2},"minecraft:killed_by":{"minecraft:zombie":2,"minecraft:wither_skeleton":2,"minecraft:creeper":4,"minecraft:piglin":1,"minecraft:blaze":1,"minecraft:witch":4,"minecraft:spider":1,"minecraft:skeleton":2},"minecraft:custom":{"minecraft:interact_with_crafting_table":358,"minecraft:leave_game":29,"minecraft:time_since_death":480854,"minecraft:damage_blocked_by_shield":1755,"minecraft:deaths":18,"minecraft:jump":10804,"minecraft:interact_with_furnace":65,"minecraft:traded_with_villager":32,"minecraft:sleep_in_bed":33,"minecraft:waystone_activated":1,"minecraft:damage_dealt":48656,"minecraft:interact_with_smoker":11,"minecraft:interact_with_smithing_table":18,"minecraft:interact_with_anvil":11,"minecraft:inspect_hopper":7,"minecraft:sneak_time":6300,"minecraft:interact_with_blast_furnace":24,"minecraft:interact_with_stonecutter":11,"minecraft:time_since_rest":155414,"minecraft:swim_one_cm":27321,"minecraft:fly_one_cm":1889214,"minecraft:open_chest":636,"minecraft:fall_one_cm":174796,"minecraft:open_shulker_box":1,"minecraft:sprint_one_cm":2556347,"minecraft:drop":135,"minecraft:talked_to_villager":10,"minecraft:walk_on_water_one_cm":89181,"minecraft:play_one_minute":2480293,"minecraft:open_enderchest":2,"minecraft:crouch_one_cm":11162,"minecraft:mob_kills":308,"minecraft:climb_one_cm":55688,"minecraft:walk_one_cm":2637170,"minecraft:walk_under_water_one_cm":72513,"minecraft:boat_one_cm":69509,"minecraft:damage_taken":15438,"minecraft:damage_absorbed":370,"minecraft:trigger_trapped_chest":1},"minecraft:picked_up":{"torchmaster:feral_flare_lantern":1,"cgm:basic_bullet":320,"minecraft:creeper_head":4,"minecraft:flower_pot":2,"minecraft:lead":2,"minecraft:smithing_table":2,"minecraft:stone_slab":52,"minecraft:enchanted_book":2,"worlds_with_ores:lapisworld":1,"minecraft:brewing_stand":2,"minecraft:string":65,"minecraft:cooked_salmon":4,"butchersdelight:cleaver":1,"create:water_wheel":3,"minecraft:gold_nugget":94,"prettypipes:pressurizer":2,"quark:root_item":34,"butchersdelight:porkribs":31,"powah:energizing_orb":12,"supertools:hammeriron":1,"worlds_with_ores:coalword":1,"minecraft:golden_chestplate":1,"quark:clear_shard":14,"farmersdelight:onion":16,"minecraft:iron_block":2,"prettypipes:high_extraction_module":2,"worlds_with_ores:goldworld":1,"minecraft:blaze_rod":33,"quark:marble":7363,"minecraft:iron_bars":313,"minecraft:birch_log":7,"minecraft:magma_block":20,"minecraft:feather":8,"powah:dielectric_casing":2,"minecraft:dark_oak_boat":3,"minecraft:flint":125,"butchersdelight:deadpig":16,"prettypipes:crafting_terminal":4,"minecraft:lantern":1,"butchersdelight:cookedsheeprack":5,"create:shaft":47,"minecraft:glowstone_dust":198,"supertools:shoveliron":1,"butchersdelight:skullcow":4,"quark:polished_marble_stairs":1,"minecraft:dark_oak_log":642,"quark:cobbled_deepslate":2134,"cgm:pistol":1,"minecraft:lever":1,"quark:cobbedstone":8,"minecraft:golden_horse_armor":4,"minecraft:bread":28,"waterstrainer:iron_mesh":4,"minecraft:diamond_pickaxe":1,"minecraft:crafting_table":3,"minecraft:coarse_dirt":1,"minecraft:clay_ball":3042,"minecraft:nether_wart":60,"waterstrainer:strainer_survivalist":1,"immersiveengineering:screwdriver":1,"quark:nether_brick_chest":5,"butchersdelight:item_salt":34,"gravestone:obituary":9,"immersiveengineering:ore_nickel":18,"immersiveengineering:stick_iron":3,"powah:energizing_rod_starter":19,"immersiveengineering:ore_copper":138,"minecraft:flint_and_steel":2,"butchersdelight:dead_cow":3,"corail_recycler:steel_disk":1,"minecraft:beef":3,"worlds_with_ores:diamondworld":1,"butchersdelight:beefribs":6,"minecraft:iron_nugget":142,"minecraft:poppy":4,"minecraft:chest":32,"minecraft:birch_sapling":5,"minecraft:egg":14,"corail_recycler:recycling_book":1,"minecraft:stone":60,"minecraft:oak_door":1,"minecraft:white_dye":3,"farmersdelight:tomato_seeds":4,"minecraft:carrot":18,"minecraft:redstone":4161,"create:vertical_gearbox":1,"minecraft:tnt":2,"butchersdelight:deadsheep":10,"minecraft:stone_shovel":7,"minecraft:shears":1,"minecraft:hay_block":53,"minecraft:gold_ingot":165,"quark:framed_glass":34,"minecraft:mutton":10,"minecraft:bone_block":138,"minecraft:white_wool":111,"minecraft:oxeye_daisy":6,"minecraft:stripped_oak_log":124,"minecraft:red_mushroom":38,"create:weathered_limestone_cobblestone":502,"minecraft:oak_log":2840,"worlds_with_ores:netherbrickguts":2,"farmersdelight:organic_compost":14,"powah:energy_cell_basic":7,"minecraft:apple":106,"minecraft:stone_bricks":3,"quark:acacia_trapped_chest":1,"minecraft:iron_ore":3988,"minecraft:cobweb":7,"minecraft:iron_sword":1,"travelersbackpack:blank_upgrade":3,"elevatorid:elevator_white":2,"butchersdelight:piper":15,"butchersdelight:beeftenderloin":6,"minecraft:gravel":2104,"power_up_obsidians:fragment_diotisia":15,"powah:uraninite_raw":62,"minecraft:infested_stone_bricks":12,"prettypipes:blank_module":4,"immersiveengineering:seed":36,"cfm:rock_path":1,"minecraft:gray_wool":3,"minecraft:warped_roots":3,"immersiveengineering:hammer":1,"minecraft:hopper":2,"minecraft:ender_pearl":5,"powah:uraninite_raw_dense":3,"minecraft:wheat":4,"minecraft:redstone_block":33,"prettypipes:wrench":1,"worlds_with_ores:ironworld":1,"minecraft:stone_brick_stairs":3,"minecraft:lapis_block":1,"immersiveengineering:ore_uranium":22,"minecraft:zombie_head":3,"minecraft:sea_pickle":17,"create:mechanical_press":2,"minecraft:smooth_stone":21,"minecraft:bucket":2,"minecraft:red_dye":1,"minecraft:rose_bush":1,"minecraft:iron_pickaxe":1,"minecraft:furnace":7,"minecraft:stick":1232,"quark:marble_bricks":283,"create:mechanical_mixer":1,"minecraft:oak_fence":6,"minecraft:torch":302,"minecraft:porkchop":16,"astikorcarts:animal_cart":1,"immersiveengineering:ore_aluminum":37,"create:large_cogwheel":1,"minecraft:rotten_flesh":242,"power_up_obsidians:fragment_scarcita":196,"quark:polished_marble":239,"minecraft:green_wool":30,"minecraft:obsidian":119,"minecraft:cobblestone":12668,"minecraft:andesite":716,"minecraft:potato":17,"paraglider:spirit_orb":3,"minecraft:light_gray_dye":18,"create:gabbro_cobblestone":8,"minecraft:dirt":3674,"minecraft:lapis_lazuli":1783,"powah:energy_cable_basic":30,"minecraft:name_tag":4,"minecraft:bone":146,"minecraft:glass":267,"create:copper_ore":169,"farmersdelight:iron_knife":1,"minecraft:bow":2,"minecraft:wheat_seeds":48,"butchersdelight:sheepshank":40,"minecraft:bamboo":199,"minecraft:oak_planks":335,"minecraft:ghast_tear":3,"create:cogwheel":81,"butchersdelight:cow_hide":3,"quark:dark_oak_ladder":26,"minecraft:sand":1042,"prettypipes:pipe":2,"minecraft:diamond_block":1,"minecraft:mossy_cobblestone":2,"quark:gold_bars":2,"immersiveengineering:ore_silver":73,"butchersdelight:sheeploin":20,"minecraft:light_gray_concrete":3,"butchersdelight:ham":32,"worlds_with_ores:redstoneworld":1,"minecraft:diamond":703,"waterstrainer:strainer_base":1,"minecraft:bone_meal":84,"minecraft:golden_apple":1,"minecraft:oak_sapling":860,"butchersdelight:hook":2,"minecraft:netherrack":2072,"butchersdelight:porkloin":31,"minecraft:azure_bluet":27,"artifacts:night_vision_goggles":1,"minecraft:chicken":3,"minecraft:gold_block":2,"minecraft:diamond_horse_armor":1,"butchersdelight:legcow":12,"minecraft:oak_trapdoor":2,"minecraft:iron_axe":3,"butchersdelight:deadchickenblock":5,"immersiveengineering:crate":5,"farmersdelight:straw":2,"minecraft:oak_boat":9,"create:zinc_ore":377,"minecraft:light_gray_wool":6,"minecraft:sugar_cane":209,"minecraft:phantom_membrane":4,"butchersdelight:sheeprack":20,"minecraft:dark_oak_sapling":61,"worlds_with_ores:netherbrickbrinstar":44,"minecraft:iron_horse_armor":1,"minecraft:dark_oak_planks":320,"minecraft:arrow":101,"quark:smooth_basalt":55,"minecraft:nether_bricks":10,"powah:uraninite_raw_poor":150,"minecraft:saddle":2,"farmersdelight:wild_carrots":316,"minecraft:skeleton_skull":2,"farmersdelight:rich_soil":36,"minecraft:salmon":4,"minecraft:leather":55,"powah:energy_cable_hardened":2,"artifacts:superstitious_hat":5,"minecraft:yellow_bed":2,"minecraft:gunpowder":15,"minecraft:cobblestone_stairs":2,"butchersdelight:rack":1,"quark:blank_rune":2,"minecraft:cooked_mutton":15,"minecraft:iron_ingot":673,"quark:tallow":48,"powah:solar_panel_starter":5,"minecraft:soul_sand":20,"minecraft:scaffolding":2,"minecraft:warped_fungus":2,"minecraft:quartz":126,"minecraft:dandelion":9,"minecraft:blast_furnace":2,"minecraft:white_bed":25,"minecraft:gold_ore":725,"quark:oak_chest":7,"minecraft:green_carpet":2,"minecraft:spider_eye":26,"usefulbackpacks:backpack_large":3,"create:wheat_flour":70,"powah:dielectric_rod_horizontal":14,"butchersdelight:sheephide":10,"travelersbackpack:fox":6,"powah:furnator_basic":1,"immersiveengineering:ore_lead":95,"minecraft:black_wool":1,"minecraft:coal":5359},"minecraft:mined":{"minecraft:white_bed":20,"powah:energizing_orb":12,"minecraft:obsidian":113,"torchmaster:feral_flare_lantern":1,"minecraft:hopper":2,"minecraft:nether_wart":17,"minecraft:oxeye_daisy":5,"minecraft:magma_block":47,"minecraft:fire":20,"minecraft:potted_dandelion":1,"powah:energizing_rod_starter":9,"minecraft:light_gray_concrete":4,"powah:uraninite_ore_poor":118,"minecraft:green_carpet":2,"create:mechanical_press":2,"minecraft:tripwire":2,"create:cogwheel":3,"quark:nether_brick_chest":5,"powah:uraninite_ore":58,"quark:gold_bars":2,"powah:energy_cell_basic":7,"minecraft:torch":90,"minecraft:blast_furnace":2,"quark:netherrack_speleothem":5,"minecraft:glass":4,"minecraft:sugar_cane":123,"power_up_obsidians:diotisia":3,"minecraft:wheat":2,"create:mechanical_mixer":1,"minecraft:stone_brick_stairs":4,"create:weathered_limestone":251,"minecraft:grass":89,"butchersdelight:hook":1,"create:gabbro":5,"minecraft:dark_oak_sapling":5,"powah:energy_cable_hardened":2,"create:zinc_ore":377,"minecraft:mossy_cobblestone":2,"farmersdelight:wild_carrots":14,"minecraft:dark_oak_log":524,"minecraft:nether_bricks":7,"minecraft:redstone_wire":8,"cfm:rock_path":1,"minecraft:red_mushroom":8,"immersiveengineering:ore_silver":73,"minecraft:redstone_ore":937,"create:shaft":2,"power_up_obsidians:scarcitaore":49,"minecraft:andesite":717,"minecraft:diamond_block":1,"quark:smooth_basalt":32,"minecraft:bamboo_sapling":1,"minecraft:bamboo":31,"minecraft:white_wool":40,"minecraft:green_wool":15,"immersiveengineering:ore_aluminum":37,"minecraft:smithing_table":2,"minecraft:redstone_block":19,"minecraft:soul_sand":20,"quark:oak_chest":7,"quark:marble_bricks":42,"minecraft:dandelion":3,"minecraft:warped_roots":3,"create:water_wheel":3,"minecraft:tall_grass":17,"minecraft:coarse_dirt":1,"create:gearbox":1,"minecraft:creeper_head":1,"powah:solar_panel_starter":5,"immersiveengineering:ore_uranium":22,"minecraft:birch_leaves":29,"worlds_with_ores:netherbrickbrinstar":22,"quark:deepslate":2155,"minecraft:gravel":1319,"minecraft:cobweb":3,"minecraft:stone_bricks":3,"waterstrainer:strainer_base":1,"minecraft:gold_ore":701,"immersiveengineering:crate":3,"quark:root":1,"farmersdelight:rich_soil":20,"minecraft:oak_sapling":12,"minecraft:cobblestone_stairs":2,"minecraft:brewing_stand":1,"minecraft:grass_block":239,"powah:uraninite_ore_dense":3,"minecraft:smooth_stone":8,"minecraft:glowstone":68,"worlds_with_ores:netherbrickguts":1,"minecraft:iron_ore":3946,"create:copper_ore":169,"minecraft:azure_bluet":27,"prettypipes:pressurizer":2,"minecraft:iron_bars":1,"immersiveengineering:ore_lead":95,"powah:energy_cable_basic":30,"farmersdelight:organic_compost":7,"prettypipes:crafting_terminal":4,"minecraft:clay":466,"minecraft:poppy":2,"quark:stone_speleothem":8,"minecraft:chest":11,"quark:polished_marble":238,"minecraft:nether_quartz_ore":109,"minecraft:cobblestone":314,"minecraft:oak_planks":70,"minecraft:wall_torch":38,"minecraft:seagrass":1,"minecraft:warped_nylium":5,"minecraft:lapis_block":1,"minecraft:birch_log":7,"quark:marble":7779,"minecraft:oak_log":1969,"minecraft:sand":992,"minecraft:dirt":2355,"minecraft:netherrack":2311,"minecraft:oak_leaves":8394,"minecraft:nether_gold_ore":22,"minecraft:diamond_ore":700,"immersiveengineering:ore_copper":138,"minecraft:dark_oak_leaves":614,"minecraft:oak_door":1,"butchersdelight:rack":1,"prettypipes:pipe":2,"minecraft:lever":1,"gravestone:gravestone":17,"immersiveengineering:ore_nickel":18,"create:large_cogwheel":1,"minecraft:hay_block":37,"minecraft:furnace":5,"minecraft:carrots":1,"minecraft:gold_block":2,"minecraft:lantern":1,"minecraft:stripped_oak_log":124,"quark:acacia_trapped_chest":1,"minecraft:stone":11454,"quark:cobbedstone":3,"minecraft:scaffolding":2,"minecraft:infested_stone_bricks":5,"minecraft:oak_fence":6,"minecraft:crafting_table":3,"minecraft:lapis_ore":301,"butchersdelight:deadchickenblock":3,"powah:furnator_basic":1,"minecraft:sea_pickle":10,"minecraft:yellow_bed":1,"quark:polished_marble_stairs":1,"elevatorid:elevator_white":2,"minecraft:coal_ore":5101,"quark:monster_box":1,"minecraft:flower_pot":1,"butchersdelight:piperbush":3,"minecraft:polished_andesite":2},"minecraft:dropped":{"farmersdelight:iron_knife":1,"minecraft:iron_sword":1,"create:cogwheel":78,"minecraft:gold_nugget":1,"minecraft:phantom_membrane":2,"minecraft:sand":50,"minecraft:iron_pickaxe":1,"minecraft:white_wool":1,"minecraft:bone":3,"minecraft:iron_nugget":59,"minecraft:wheat":54,"minecraft:lime_dye":30,"minecraft:azure_bluet":15,"powah:dielectric_rod_horizontal":14,"minecraft:iron_ingot":419,"minecraft:coal":130,"worlds_with_ores:netherbrickguts":1,"minecraft:stone_shovel":7,"minecraft:clay_ball":100,"minecraft:stone":2,"minecraft:sea_pickle":14,"minecraft:oak_log":1,"gravestone:obituary":3,"minecraft:gold_ingot":153,"create:wheat_flour":216,"minecraft:iron_bars":311,"minecraft:quartz":17,"immersiveengineering:seed":1,"minecraft:netherrack":34,"supertools:hammeriron":1,"farmersdelight:wild_carrots":632,"quark:marble_bricks":242,"minecraft:iron_axe":3,"minecraft:bucket":1,"butchersdelight:cookedsheeprack":5,"minecraft:oak_trapdoor":2,"create:dough":38,"minecraft:oak_sapling":12,"minecraft:oak_boat":1,"powah:uraninite_raw_poor":12}},"DataVersion":2586}